dataset\7\R9r3EM56G5rWPoV.png,7
dataset\4\N61jTP6hRxnSRRc.png,4
dataset\9\gXNSmgfZNFPAlSN.png,9
dataset\9\ZnmFJKBXr4fjK4s.png,9
dataset\7\woYl15OsiJ659KI.png,7
dataset\4\z9YEdtorAZQIzxm.png,4
dataset\2\rLvTjYrynL0wfqk.png,2
dataset\9\jgnEHgsDqO5dsI0.png,9
dataset\5\SYJBXMILdLHmGiB.png,5
dataset\9\5fVDvrkDjQ1ETtF.png,9
dataset\8\osdL8BCqX4JwPd4.png,8
dataset\8\vRCTKOFGMhP3us3.png,8
dataset\8\EOt4LKilpal7r4f.png,8
dataset\7\w8JcW58bRg6IivY.png,7
dataset\0\LCpzNBzkpkfoGIh.png,0
dataset\5\clS1wLApY6XpO9c.png,5
dataset\7\BTxlqqNtDTbYB2J.png,7
dataset\3\yangmWPMQCN49xR.png,3
dataset\8\Qi0XU2YvdTjPYva.png,8
dataset\1\JTdDRYTMi74bF3j.png,1
dataset\9\uRlqsmqxdWc7y2t.png,9
dataset\2\0yBdjp8th9LEr8v.png,2
dataset\8\QAV4GXzLVJIlJtj.png,8
dataset\0\PvHvsKbUMsbzxXr.png,0
dataset\7\iUyZ5GOS0ko56mh.png,7
dataset\5\wQGmxjJDn6wkG6Z.png,5
dataset\6\mTyHtKpgv95thPQ.png,6
dataset\0\qErvM1ZjRxoMIPw.png,0
dataset\3\5yucBGwJZjYYyNu.png,3
dataset\1\QxtCamFtWFKu0yl.png,1
dataset\3\4DAXC2Hmlj40w9S.png,3
dataset\2\9tb5jzHxY89R0He.png,2
dataset\6\Kw1gOyteHRlD1d3.png,6
dataset\3\lcFFvjWnVRT7wCV.png,3
dataset\5\4w8r0NmcFeO4rfW.png,5
dataset\4\ojuhpFXz82Ioo68.png,4
dataset\5\mmjFHQWPr2Hwaxz.png,5
dataset\4\PwYKsThd7sKXbyO.png,4
dataset\6\nYffIcMn5soj1cA.png,6
dataset\7\SflQaTAqy0xy4yl.png,7
dataset\9\C7FwuChjMo0Rux4.png,9
dataset\4\HCChUipfuXydegm.png,4
dataset\2\wnzUPBOZctvt1KK.png,2
dataset\3\rFsnQQvNrg58VfX.png,3
dataset\7\htSmhnhTvA65RnW.png,7
dataset\0\VpsZrb2rAYHpYh6.png,0
dataset\4\IpUoosMrvPTjO03.png,4
dataset\6\VwPKnO8fsuHzAEk.png,6
dataset\4\Wo0ef9r3hx3aUVO.png,4
dataset\0\kMeXDpCipeVTikP.png,0
dataset\0\usfO4e9io5faFwr.png,0
dataset\4\jJWsRQbVcq9J0KB.png,4
dataset\4\y9qXAxSCeKBKDJX.png,4
dataset\8\2cUhLkzA4rYAD2G.png,8
dataset\2\JypBEAHlSkpMlNt.png,2
dataset\2\DeI0sj9SM7aSQVq.png,2
dataset\6\RUq5MuOtgtLTRRI.png,6
dataset\6\ddHNePRh8pRWOKs.png,6
dataset\3\uCwbgTCH3V6xdWP.png,3
dataset\1\5jdUF4alPqsUbC1.png,1
dataset\3\nyGns5NRuLXQuNq.png,3
dataset\0\b00rBbKFGYxfZVf.png,0
dataset\7\B5pU3zoZ08orKYl.png,7
dataset\1\ZdWLd4IESZO7Hig.png,1
dataset\6\dczyiLcWAtoDlhi.png,6
dataset\0\D5YL4cKi6ftM8lF.png,0
dataset\4\2InqKkIdOHMAIrc.png,4
dataset\4\cWTBnhVHS0aMcam.png,4
dataset\1\4RRqJbGUHVrLlUz.png,1
dataset\2\eO3fsRnfyVaNAQW.png,2
dataset\8\mUfBh9I7fongCKR.png,8
dataset\8\mJXRMfx7Z1r3BOB.png,8
dataset\2\kVtiNHhmhxO2q0C.png,2
dataset\3\Q7U1yYgHg7P7mjt.png,3
dataset\7\pQoXfio9puCkQ4U.png,7
dataset\9\6gWPATpqBrVEy5Q.png,9
dataset\9\VvkV7pKLCMDg0RX.png,9
dataset\0\nCmIqes3rfK4Gpu.png,0
dataset\8\4SQiZyR4jN01a4P.png,8
dataset\0\947h1t0mUTOTtHQ.png,0
dataset\8\zsbOUvtIp6agU0R.png,8
dataset\5\YYVIQtqe27oBhgr.png,5
dataset\2\l2j79VMGPpmBYZV.png,2
dataset\5\l6KKEtwQaGum59R.png,5
dataset\8\UePAQrBttv9TQSD.png,8
dataset\0\An4Yg8hoqD9Ryih.png,0
dataset\8\LxmPCWDr5atnGta.png,8
dataset\9\K4fP7nsi5CjFbhn.png,9
dataset\1\AYF1N10nCH7Murv.png,1
dataset\5\wAhTUSpypcjzdCU.png,5
dataset\6\cG3nVoeWnPa8wiA.png,6
dataset\8\LVdTvP1j0mHXmB9.png,8
dataset\7\9mzVG2CYc98HmXJ.png,7
dataset\4\rXnBOn3XfSsQehH.png,4
dataset\9\l46qutR7fS88Zjz.png,9
dataset\8\dux2iG0zivXmnuo.png,8
dataset\3\xJj4BztRzbWQU01.png,3
dataset\2\NYEzxfLjo76FmKW.png,2
dataset\9\75P4e15VMvAjC6V.png,9
dataset\2\J5fiziGGBboCXk7.png,2
dataset\3\RfGb3hJPWsuHAxf.png,3
dataset\2\c6rX8NwzFOWGeTh.png,2
dataset\2\emgbmpAHPB697uD.png,2
dataset\7\OcgRDHmakELDYw8.png,7
dataset\4\8tCplHMGOpRjQsQ.png,4
dataset\3\XUhwXZGW2kwVZOq.png,3
dataset\5\JnpbMcyfdJPwn9g.png,5
dataset\2\NUSdScSMPSwHhx4.png,2
dataset\7\c0P3TWuyralHjlm.png,7
dataset\9\PUK2Tu1rNTOqn18.png,9
dataset\6\EnylTfcRK9RMgw7.png,6
dataset\3\2nII6L0bUX7xDPT.png,3
dataset\3\IMpHqxSyCYTYQY9.png,3
dataset\5\g6lF32um90QIeSq.png,5
dataset\3\L7ahNrxhPPsypl8.png,3
dataset\0\7aioSVfJBg9BFuq.png,0
dataset\1\VQKunon73n7Q1bd.png,1
dataset\9\drNuBDsLHxIxK8Q.png,9
dataset\9\aV8hes6oTIliW9A.png,9
dataset\1\Qh3O3izKQv5Fo2Z.png,1
dataset\6\oSwG4c7H42Ojgh2.png,6
dataset\3\zFdXknAsxg4QP6z.png,3
dataset\2\ev9YeyFeu20ctLS.png,2
dataset\6\H4XUsxCPk7Zj7P6.png,6
dataset\6\BZyXB3jJpB5KPhr.png,6
dataset\8\nRH8OHYqVqwd5of.png,8
dataset\5\GOl0gMjCMiWCiWw.png,5
dataset\7\cn9Iytfejx3FheQ.png,7
dataset\1\QTFFOXJyjpCikhP.png,1
dataset\8\9otkzjYjxSksGJA.png,8
dataset\4\Lq1YDEYgQgkqVuT.png,4
dataset\1\sY8IsG7KobNMQI2.png,1
dataset\2\tH0RVasSpgGKVzZ.png,2
dataset\9\yBluBlXJJHtHJCo.png,9
dataset\4\8MqTWF9GjmpTxyy.png,4
dataset\6\Op4stavPIw428kQ.png,6
dataset\5\Rd1InBPjlh85X7c.png,5
dataset\3\s3mUEz3k1jEs9o7.png,3
dataset\8\Uf60OPsEXhjNIEk.png,8
dataset\8\gF478hGyFsnLeMe.png,8
dataset\4\o2db5b2ubTEzMOX.png,4
dataset\8\W8XrEPita27AjN1.png,8
dataset\1\EuO9bCM6gMUUyQW.png,1
dataset\3\HfaINIeUM8NkLnV.png,3
dataset\2\VQWD1rKSl4N0Q8V.png,2
dataset\5\IXfvRvUFnNGWfgZ.png,5
dataset\7\2rqB7ENJRGF7emv.png,7
dataset\4\fAUBlIHANZ4cE1J.png,4
dataset\2\5Vv32Z4cQMKnXSP.png,2
dataset\9\pe6WdByE6G3QEYS.png,9
dataset\4\1d8yEkoEpjE3Fic.png,4
dataset\1\UPjQfjpsEexAAXq.png,1
dataset\0\PBLrpIyFf0wGz1i.png,0
dataset\6\adUuTn58dbH56Vt.png,6
dataset\1\wbK2UA6GSEg6Wqp.png,1
dataset\6\DIa0JUtikRJt8ol.png,6
dataset\2\xBOqyrLCsQnRZhX.png,2
dataset\9\7r0jz1et1w24YfQ.png,9
dataset\0\lRQF90QyxlbX8Lc.png,0
dataset\0\bHmF2uuy6p05Uab.png,0
dataset\9\9i8ejIrl0JTviyH.png,9
dataset\4\PCYiprpr6B441ZD.png,4
dataset\7\zjATLZxy7fsz9Mz.png,7
dataset\6\ZtTnu9nxHeDXY6v.png,6
dataset\0\qvI8LJEWKFBA01P.png,0
dataset\0\LhIOnUCcR6d4qZi.png,0
dataset\3\A47QjQKOr2VoOcR.png,3
dataset\6\1xWto7kVqwdbgQh.png,6
dataset\6\bS0UD0Mof3MiHHi.png,6
dataset\4\y0eUMTBL2DgVt9X.png,4
dataset\4\D2FCEgJSZzSbpvY.png,4
dataset\8\EbknWrZ88S6yCVV.png,8
dataset\0\UpDZOSnpuFRbi20.png,0
dataset\7\Yzfk19DMkBZqa8h.png,7
dataset\6\R2UMV2lWv4BFbRT.png,6
dataset\2\bshibXa6q4nk3ZM.png,2
dataset\0\eKOlIeYey1Ushyp.png,0
dataset\1\xdfhJwOiewApu5X.png,1
dataset\0\H3Tm5lRXGtDJj92.png,0
dataset\1\svEwlCYd3hxCGF9.png,1
dataset\9\eznWZHj9iY4bllh.png,9
dataset\3\e5hcbDAUTKWjfPY.png,3
dataset\2\MtAuiLTBC8jGKsr.png,2
dataset\5\GLai9kX5NpRyBML.png,5
dataset\7\BxVrJFXEDkndMBi.png,7
dataset\7\4JtWG9jjQNOVzHp.png,7
dataset\1\jagnT3PbkWuPNwV.png,1
dataset\5\v6hKnLpMq2zqnWg.png,5
dataset\1\PjXKgvrLsJQUwZT.png,1
dataset\5\yGePujN5AeuUf2c.png,5
dataset\9\0fcqmuFnGHVpiid.png,9
dataset\8\YO7lUssXo9zqmpk.png,8
dataset\0\AsESmbTBwvaJ2MK.png,0
dataset\5\YhqROILoPV68xIT.png,5
dataset\9\ZoV3oRxj5h4WVXd.png,9
dataset\9\fzsp92XxEWwfeMr.png,9
dataset\4\m7BY1aXhwcR6hUy.png,4
dataset\3\UVQkOeBLgPdCwph.png,3
dataset\7\yqgFq5CCOsTcpBp.png,7
dataset\7\ZTFlwBUsWcOHyme.png,7
dataset\6\tifnwM6o7aIsJ7u.png,6
dataset\2\eMyf9CfkUrvUmR3.png,2
dataset\8\LRp2H2eKWvQgtcH.png,8
dataset\5\xFJHuDElympGP2K.png,5
dataset\5\kF7S8R7PiLd8x9C.png,5
dataset\5\kWrlV57VxaRQVj4.png,5
dataset\9\pDoQpewr45fGqC7.png,9
dataset\1\gd6Zh0BNhctjlfl.png,1
dataset\1\3FOiHgGdVK1JOJw.png,1
dataset\0\0PDXR4oPVQGkuqP.png,0
dataset\4\dHTiZbpmWbraKQZ.png,4
dataset\1\i4n4IEYqSBEblJF.png,1
dataset\2\2KUXwhagHuwlZ4P.png,2
dataset\6\AaudzniWjExqUW0.png,6
dataset\9\70sZHZpOHUvGaTh.png,9
dataset\8\AKD1S7E7hX1qX1p.png,8
dataset\6\p5lC6tbjmNOVXGP.png,6
dataset\7\PKEfS4Pv6s48aOO.png,7
dataset\1\w98bu2Cu8YSKDdl.png,1
dataset\8\20EwEEsoXxNdAON.png,8
dataset\3\yiXJ4zoZdIcUTcX.png,3
dataset\1\NH6QG7m5iQOKoEG.png,1
dataset\2\DJNGn2vvp6McDMQ.png,2
dataset\7\aSocBJR4eHSCUhp.png,7
dataset\0\LTAshfH3jPK7w1C.png,0
dataset\3\I8wrH28z5vVikQg.png,3
dataset\1\LPhTRmpiDc7aErY.png,1
dataset\6\axsaXhuA8erV848.png,6
dataset\1\XwmGhVxznHdgw0v.png,1
dataset\3\a2W9degXN58s3if.png,3
dataset\8\iEYWQGNKmKvp9Yx.png,8
dataset\1\ICzcEBY6nQ6oLOx.png,1
dataset\2\TFZltJzdVyPmvZL.png,2
dataset\4\SM0fohttGWKwF2p.png,4
dataset\5\nYfmlqVbt5OgVVy.png,5
dataset\0\Ux68UDFxOotkj2t.png,0
dataset\5\EGtnwhGMeiQqX1P.png,5
dataset\7\KK3RMoyqcoyTrFq.png,7
dataset\7\X2Hh9IsCHqSkQvK.png,7
dataset\5\LldM9TFQ7Yw7Nn6.png,5
dataset\4\TsqmRhiEhpzXt5s.png,4
dataset\3\lrvYi3UYdXcasiy.png,3
dataset\5\jP0BXehMYAvQ2Gy.png,5
dataset\3\ICbs0WaFtXJSOUs.png,3
dataset\9\3Z6LvRX5MZV9m8F.png,9
dataset\5\kIUpjo1qCj0ngYL.png,5
dataset\6\C4xrnvQd3XXpW0g.png,6
dataset\6\RGQDrSXEP5BCJzL.png,6
dataset\7\CNrs12xCjW9mgKG.png,7
dataset\0\whkjtmrfPNaAJVv.png,0
